sequence,source_tRNAs,unique_name
TCGATCCCCAGCACCTCCACCA,tRNA-Ala-AGC-1-1,tRF_1
TCGATGCCCACATCCTCCACCA,tRNA-Ala-AGC-10-1_tRNA-Ala-AGC-5-1_tRNA-Ala-AGC-5-2_tRNA-Ala-AGC-5-3,tRF_2
TCAATCCCCGGCACCTCCACCA,tRNA-Ala-AGC-2-1_tRNA-Ala-AGC-2-2,tRF_3
TCGATCCCCAGCATCTCCACCA,tRNA-Ala-AGC-3-1,tRF_4
TCGATGCCCGCATCCTCCACCA,tRNA-Ala-AGC-4-1_tRNA-Ala-AGC-4-2,tRF_5
TCGATGCCCGCATTCTCCACCA,tRNA-Ala-AGC-6-1_tRNA-Ala-AGC-7-1,tRF_6
TCGATCTCCAGGTTTTTTTCCA,tRNA-Ala-AGC-8-1,tRF_7
TCGATCCCCGGCATCTCCACCA,tRNA-Ala-CGC-1-1_tRNA-Ala-CGC-1-2_tRNA-Ala-TGC-2-1_tRNA-Ala-TGC-3-1,tRF_8
TCAATCCCCGGCATCTCCACCA,tRNA-Ala-CGC-2-1_tRNA-Ala-TGC-4-1,tRF_9
TCGACTCCCGGCATCTCCACCA,tRNA-Ala-CGC-3-1_tRNA-Ala-CGC-3-2_tRNA-Ala-CGC-3-3,tRF_10
TCGATTCCCGGCATCTCCACCA,tRNA-Ala-CGC-4-1_tRNA-Ala-CGC-7-1_tRNA-Ala-TGC-5-1_tRNA-Ala-TGC-5-2_tRNA-Ala-TGC-5-3_tRNA-Ala-TGC-6-1_tRNA-Ala-TGC-7-1_tRNA-Ala-TGC-7-2,tRF_11
TTGAATCCTAGTCAGGGAACCA,tRNA-Ala-CGC-5-1,tRF_12
TCGACTCCCAGCATCTCCACCA,tRNA-Ala-CGC-6-1,tRF_13
TCGATCCCCGGCACCTCCACCA,tRNA-Ala-TGC-1-1,tRF_14
TCAATTCCCGGCATCTCCACCA,tRNA-Ala-TGC-8-1,tRF_15
TCGACTCCTGGCTGGCTCGCCA,tRNA-Arg-ACG-1-1_tRNA-Arg-ACG-1-2_tRNA-Arg-ACG-1-3_tRNA-Arg-ACG-3-1_tRNA-Arg-ACG-3-2,tRF_16
TCGACTCCTACCTGGCTCGCCA,tRNA-Arg-ACG-2-1,tRF_17
TCGAGTCCCTTCGTGGTCGCCA,tRNA-Arg-CCG-1-1_tRNA-Arg-CCG-2-1_tRNA-Arg-TCG-2-1,tRF_18
TCGAGTCCCATCTGGGTCGCCA,tRNA-Arg-CCG-3-1,tRF_19
TCGAGTCCCACCTGGGGTACCA,tRNA-Arg-CCT-1-1,tRF_20
TCGAGTCCCACCTGGGGTGCCA,tRNA-Arg-CCT-2-1_tRNA-Arg-CCT-2-2,tRF_21
TCGAGTCCCACCCGGGGTACCA,tRNA-Arg-CCT-3-1,tRF_22
TCGAGTCCCATCTGGGGTGCCA,tRNA-Arg-CCT-4-1,tRF_23
TCGAGTCCTGCCGCGGTCGCCA,tRNA-Arg-TCG-1-1,tRF_24
TCGAATCCCTTCGTGGTTGCCA,tRNA-Arg-TCG-3-1_tRNA-Arg-TCG-3-2,tRF_25
TCGAATCCCTTCGTGGTTACCA,tRNA-Arg-TCG-4-1,tRF_26
TCGAGTCCCGGCGGAGTCGCCA,tRNA-Arg-TCT-1-1,tRF_27
TCGAATCCCACCAGAGTCGCCA,tRNA-Arg-TCT-2-1,tRF_28
TCGAGTCCCACCAGAGTCGCCA,tRNA-Arg-TCT-3-1,tRF_29
TCGAGTCCCGGCAGAGATGCCA,tRNA-Arg-TCT-4-1,tRF_30
TCGAGTCCCGCCAGAGTCGCCA,tRNA-Arg-TCT-5-1,tRF_31
TCGAGCCCACCCGGGGACGCCA,tRNA-Asn-GTT-1-1,tRF_32
TCAAGCCCACCCAGGGACGCCA,tRNA-Asn-GTT-2-1,tRF_33
TCGAGCCCACCCAGGGACGCCA,tRNA-Asn-GTT-3-1_tRNA-Asn-GTT-3-2_tRNA-Asn-GTT-3-3_tRNA-Asn-GTT-3-4_tRNA-Asn-GTT-3-5_tRNA-Asn-GTT-3-6_tRNA-Asn-GTT-3-7_tRNA-Asn-GTT-3-8_tRNA-Asn-GTT-3-9,tRF_34
TCAAACCCACCCGGGGACGCCA,tRNA-Asn-GTT-4-1,tRF_35
TTGAGCCCACCCGGGGACGCCA,tRNA-Asn-GTT-5-1,tRF_36
TCGATTCCCCGACGGGGAGCCA,tRNA-Asp-GTC-1-1_tRNA-Asp-GTC-1-10_tRNA-Asp-GTC-1-11_tRNA-Asp-GTC-1-12_tRNA-Asp-GTC-1-13_tRNA-Asp-GTC-1-2_tRNA-Asp-GTC-1-3_tRNA-Asp-GTC-1-4_tRNA-Asp-GTC-1-5_tRNA-Asp-GTC-1-6_tRNA-Asp-GTC-1-7_tRNA-Asp-GTC-1-8_tRNA-Asp-GTC-1-9,tRF_37
TCAATTCCCCGACGGGGAGCCA,tRNA-Asp-GTC-2-1,tRF_38
TCGATTTCCTGACGGGGAGCCA,tRNA-Asp-GTC-3-1,tRF_39
TCGATTCCCCGATGGGGAGCCA,tRNA-Asp-GTC-4-1,tRF_40
TCAAATCCAGGTGCCCCCTCCA,tRNA-Cys-GCA-1-1_tRNA-Cys-GCA-1-2_tRNA-Cys-GCA-11-1_tRNA-Cys-GCA-13-1_tRNA-Cys-GCA-14-1_tRNA-Cys-GCA-16-1_tRNA-Cys-GCA-17-1_tRNA-Cys-GCA-18-1_tRNA-Cys-GCA-21-1_tRNA-Cys-GCA-25-1_tRNA-Cys-GCA-4-1_tRNA-Cys-GCA-4-10_tRNA-Cys-GCA-4-11_tRNA-Cys-GCA-4-12_tRNA-Cys-GCA-4-13_tRNA-Cys-GCA-4-14_tRNA-Cys-GCA-4-15_tRNA-Cys-GCA-4-16_tRNA-Cys-GCA-4-17_tRNA-Cys-GCA-4-18_tRNA-Cys-GCA-4-19_tRNA-Cys-GCA-4-2_tRNA-Cys-GCA-4-20_tRNA-Cys-GCA-4-21_tRNA-Cys-GCA-4-22_tRNA-Cys-GCA-4-23_tRNA-Cys-GCA-4-24_tRNA-Cys-GCA-4-25_tRNA-Cys-GCA-4-26_tRNA-Cys-GCA-4-27_tRNA-Cys-GCA-4-28_tRNA-Cys-GCA-4-29_tRNA-Cys-GCA-4-3_tRNA-Cys-GCA-4-4_tRNA-Cys-GCA-4-5_tRNA-Cys-GCA-4-6_tRNA-Cys-GCA-4-7_tRNA-Cys-GCA-4-8_tRNA-Cys-GCA-4-9_tRNA-Cys-GCA-9-1,tRF_41
TCAAATCCAGATGCCCCCTCCA,tRNA-Cys-GCA-10-1,tRF_42
TCAAATCCAGGTGTCCCCTCCA,tRNA-Cys-GCA-12-1,tRF_43
TCGAATCCAGGTGCCCCCTCCA,tRNA-Cys-GCA-15-1,tRF_44
TCAAATCCAGGTACCCCCTCCA,tRNA-Cys-GCA-19-1_tRNA-Cys-GCA-6-1,tRF_45
TCAAATCCGGGTGCCCCCTCCA,tRNA-Cys-GCA-2-1_tRNA-Cys-GCA-3-1_tRNA-Cys-GCA-3-2_tRNA-Cys-GCA-3-3_tRNA-Cys-GCA-3-4_tRNA-Cys-GCA-5-1_tRNA-Cys-GCA-7-1,tRF_46
TCAAATCGAGGTGCCCCCTCCA,tRNA-Cys-GCA-24-1,tRF_47
TCAAATCCGGGTGCTCCCTCCA,tRNA-Cys-GCA-8-1,tRF_48
TCAAATCTCGGTGGGACCTCCA,tRNA-Gln-CTG-1-1_tRNA-Gln-CTG-3-1_tRNA-Gln-CTG-3-2_tRNA-Gln-CTG-3-3_tRNA-Gln-CTG-4-1_tRNA-Gln-TTG-1-1_tRNA-Gln-TTG-2-1_tRNA-Gln-TTG-3-1_tRNA-Gln-TTG-3-2_tRNA-Gln-TTG-5-1,tRF_49
TCAAATCTCGGTGGAACCTCCA,tRNA-Gln-CTG-2-1_tRNA-Gln-CTG-2-2_tRNA-Gln-CTG-2-3_tRNA-Gln-CTG-2-4,tRF_50
TCAAATCTCGGTGGGATTTCCA,tRNA-Gln-CTG-5-1,tRF_51
TCGAGTCTTGGTGAGACCACCA,tRNA-Gln-TTG-4-1,tRF_52
TCGATTCCCGGTCAGGGAACCA,tRNA-Glu-CTC-1-1_tRNA-Glu-CTC-1-2_tRNA-Glu-CTC-1-3_tRNA-Glu-CTC-1-4_tRNA-Glu-CTC-1-5_tRNA-Glu-CTC-1-6_tRNA-Glu-CTC-1-7_tRNA-Glu-CTC-1-8_tRNA-Glu-CTC-1-9_tRNA-Glu-CTC-2-1_tRNA-Glu-TTC-3-1_tRNA-Glu-TTC-3-2,tRF_53
TTGATTCCTGGTCAGGGAACCA,tRNA-Glu-CTC-5-1,tRF_54
TCGACTCCCGGTGTGGGAACCA,tRNA-Glu-TTC-1-1_tRNA-Glu-TTC-1-2_tRNA-Glu-TTC-1-3_tRNA-Glu-TTC-1-4,tRF_55
TCGACTCCCGGTATGGGAACCA,tRNA-Glu-TTC-2-1_tRNA-Glu-TTC-2-2,tRF_56
TCGAAACCGGGCGGAAACACCA,tRNA-Gly-ACC-1-1_tRNA-Val-AAC-1-1_tRNA-Val-AAC-1-2_tRNA-Val-AAC-2-1_tRNA-Val-AAC-2-2_tRNA-Val-AAC-5-1_tRNA-Val-CAC-1-1_tRNA-Val-CAC-2-1_tRNA-Val-CAC-2-2_tRNA-Val-CAC-2-3_tRNA-Val-CAC-2-4_tRNA-Val-CAC-2-5,tRF_57
TCGATTCCCGGGCGGCGCACCA,tRNA-Gly-CCC-1-1_tRNA-Gly-CCC-1-2,tRF_58
TCGATTCCCGGCCAATGCACCA,tRNA-Gly-CCC-2-1_tRNA-Gly-CCC-2-2_tRNA-Gly-CCC-3-1_tRNA-Gly-CCC-4-1_tRNA-Gly-GCC-2-1_tRNA-Gly-GCC-2-2_tRNA-Gly-GCC-2-3_tRNA-Gly-GCC-2-4_tRNA-Gly-GCC-2-5_tRNA-Gly-GCC-2-6_tRNA-Gly-GCC-2-7_tRNA-Gly-GCC-2-8,tRF_59
TCGATTCCCGGCCCATGCACCA,tRNA-Gly-GCC-1-1_tRNA-Gly-GCC-1-2_tRNA-Gly-GCC-1-3,tRF_60
TTGATTCCCGGCCAATGCACCA,tRNA-Gly-GCC-3-1,tRF_61
TCGGTTCCCGGCCAATGCACCA,tRNA-Gly-GCC-4-1,tRF_62
TCGATTCCCGGCCAACGCACCA,tRNA-Gly-TCC-1-1_tRNA-Gly-TCC-1-2_tRNA-Gly-TCC-1-3_tRNA-Gly-TCC-1-4_tRNA-Gly-TCC-1-5_tRNA-Gly-TCC-1-6_tRNA-Gly-TCC-1-7,tRF_63
TCGAATCCGAGTCTCGGCACCA,tRNA-His-GTG-1-1,tRF_64
TCGAATCCGAGTCACGGCACCA,tRNA-His-GTG-2-1_tRNA-His-GTG-2-2_tRNA-His-GTG-2-3_tRNA-His-GTG-2-4_tRNA-His-GTG-2-5_tRNA-His-GTG-2-6_tRNA-His-GTG-2-7_tRNA-His-GTG-2-8_tRNA-His-GTG-3-1,tRF_65
TCGATCCCCGTACGGGCCACCA,tRNA-Ile-AAT-1-1_tRNA-Ile-AAT-1-2_tRNA-Ile-AAT-1-3_tRNA-Ile-AAT-1-4_tRNA-Ile-AAT-1-5_tRNA-Ile-AAT-1-6_tRNA-Ile-AAT-1-7_tRNA-Ile-AAT-1-8_tRNA-Ile-AAT-3-1,tRF_66
TCGATCCCCGTATGGGCCACCA,tRNA-Ile-AAT-2-1,tRF_67
TCGATGCCCGTATGGGCCACCA,tRNA-Ile-AAT-4-1,tRF_68
TCGATCCTCACCTGGAGCACCA,tRNA-Ile-TAT-1-1,tRF_69
TCGAGCCTCACCTGGAGCACCA,tRNA-Ile-TAT-2-1_tRNA-Ile-TAT-2-2_tRNA-Ile-TAT-2-3,tRF_70
TTGAGCCCCAGTGGAACTACCA,tRNA-Ile-TAT-3-1,tRF_71
TCGAATCCCACCGCTGCCACCA,tRNA-Leu-AAG-1-1_tRNA-Leu-AAG-1-2_tRNA-Leu-AAG-1-3_tRNA-Leu-AAG-2-1_tRNA-Leu-TAG-1-1_tRNA-Leu-TAG-3-1,tRF_72
TCGAATCCCACCACTGCCACCA,tRNA-Leu-AAG-3-1_tRNA-Leu-TAG-2-1,tRF_73
TCGAATCCCACTTCTGACACCA,tRNA-Leu-CAA-1-1_tRNA-Leu-CAA-2-1_tRNA-Leu-CAA-3-1_tRNA-Leu-CAA-4-1_tRNA-Leu-CAG-2-1_tRNA-Leu-CAG-2-2_tRNA-Leu-CAG-2-3,tRF_74
TCGAATCCCACTCCTGACACCA,tRNA-Leu-CAG-1-1_tRNA-Leu-CAG-1-2_tRNA-Leu-CAG-1-3_tRNA-Leu-CAG-1-4_tRNA-Leu-CAG-1-5_tRNA-Leu-CAG-3-1_tRNA-Leu-CAG-4-1,tRF_75
TCGAACCCCACTTCTGGTACCA,tRNA-Leu-TAA-1-1,tRF_76
TCGAACCCCACTCCTGGTACCA,tRNA-Leu-TAA-2-1,tRF_77
TCGAACCCCACTCCCAGTACCA,tRNA-Leu-TAA-3-1,tRF_78
TTGAACCCCACTCCCAATACCA,tRNA-Leu-TAA-4-1,tRF_79
TCGAACCCCACGTTGGGCGCCA,tRNA-Lys-CTT-1-1,tRF_80
TGGAGCCCCATGTTGTGCACCA,tRNA-Lys-CTT-12-1,tRF_81
GCCCCATGTTGGTTTGGCACCA,tRNA-Lys-CTT-13-1,tRF_82
TGGAGCCCCACGTTGGGCGCCA,tRNA-Lys-CTT-14-1,tRF_83
TCGAGCCCCACGTTGGGCGCCA,tRNA-Lys-CTT-2-1_tRNA-Lys-CTT-2-2_tRNA-Lys-CTT-3-1_tRNA-Lys-CTT-3-2_tRNA-Lys-CTT-3-3_tRNA-Lys-CTT-3-4_tRNA-Lys-CTT-3-5_tRNA-Lys-CTT-3-6_tRNA-Lys-CTT-3-7,tRF_84
TCGAGCCCCACGTTGGGTGCCA,tRNA-Lys-CTT-4-1,tRF_85
TCATGCCCCATGTTGGGTACCA,tRNA-Lys-CTT-5-1,tRF_86
TCGAGCTCCACGTTGGGTACCA,tRNA-Lys-CTT-6-1,tRF_87
TCGAGCCCCATATTAGGCACCA,tRNA-Lys-CTT-7-1,tRF_88
TCAGGCCTCATGTTTGGCACCA,tRNA-Lys-CTT-8-1,tRF_89
TCAAGCCCCATGTTGGTTTCCA,tRNA-Lys-CTT-9-1,tRF_90
TCAAGTCCCTGTTCGGGCGCCA,tRNA-Lys-TTT-1-1_tRNA-Lys-TTT-1-2_tRNA-Lys-TTT-1-3_tRNA-Lys-TTT-1-4_tRNA-Lys-TTT-1-5_tRNA-Lys-TTT-1-6,tRF_91
TCAAGTCCCTGTTCAGGCGCCA,tRNA-Lys-TTT-2-1_tRNA-Lys-TTT-2-2_tRNA-Lys-TTT-3-1,tRF_92
TCGAGCCCCATGTTGGGGGCCA,tRNA-Lys-TTT-4-1_tRNA-Lys-TTT-4-2_tRNA-Lys-TTT-4-3,tRF_93
TCAAGTCCCTGTTCGAGCCCCA,tRNA-Lys-TTT-5-1,tRF_94
TCGATCCTCACACGGGGCACCA,tRNA-Met-CAT-1-1_tRNA-Met-CAT-1-2,tRF_95
TCGAACCTCAGAGGGGGCACCA,tRNA-Met-CAT-2-1_tRNA-Met-CAT-2-2,tRF_96
TCGAACCTCAGAGAGGGCACCA,tRNA-Met-CAT-3-1,tRF_97
TCGAGCCTCAGAGAAGGCACCA,tRNA-Met-CAT-4-1,tRF_98
TCAAACCTCAGAGGGGGCACCA,tRNA-Met-CAT-5-1,tRF_99
TTGAACCTCAGAGGGGTCACCA,tRNA-Met-CAT-6-1,tRF_100
TCGATCCCGGGTTTCGGCACCA,tRNA-Phe-GAA-1-1_tRNA-Phe-GAA-1-2_tRNA-Phe-GAA-1-3_tRNA-Phe-GAA-1-4_tRNA-Phe-GAA-1-5,tRF_101
TCGATCCCGGGTTTCAGCACCA,tRNA-Phe-GAA-2-1,tRF_102
TCAATCCCGGGTTTCGGCACCA,tRNA-Phe-GAA-3-1,tRF_103
TCAAATCCCGGACGAGCCCCCA,tRNA-Pro-AGG-1-1_tRNA-Pro-AGG-1-2_tRNA-Pro-AGG-1-3_tRNA-Pro-AGG-1-4_tRNA-Pro-AGG-1-5_tRNA-Pro-AGG-1-6_tRNA-Pro-CGG-1-1_tRNA-Pro-CGG-1-2_tRNA-Pro-CGG-1-3_tRNA-Pro-TGG-1-1_tRNA-Pro-TGG-2-1_tRNA-Pro-TGG-2-2_tRNA-Pro-TGG-2-3_tRNA-Pro-TGG-2-4,tRF_104
TCAAATCCCAGACGAGCCCCCA,tRNA-Pro-TGG-3-1,tRF_105
TCAAATCCCAGGTGAGCCCCCA,tRNA-Pro-TGG-4-1,tRF_106
CAATTCCACCTTTCGGGCGCCA,tRNA-SeC-TCA-1-1,tRF_107
TCGAATCCTGCCGACTACGCCA,tRNA-Ser-AGA-1-1_tRNA-Ser-AGA-2-1_tRNA-Ser-AGA-2-2_tRNA-Ser-AGA-2-3_tRNA-Ser-AGA-2-4_tRNA-Ser-AGA-2-5_tRNA-Ser-AGA-2-6_tRNA-Ser-TGA-2-1_tRNA-Ser-TGA-2-2,tRF_108
TCAAATCCTGCTGACTATGCCA,tRNA-Ser-AGA-3-1,tRF_109
TCGAATCCTGCTCACAGCGCCA,tRNA-Ser-CGA-1-1,tRF_110
TCGAATCCTGTTCGTGACGCCA,tRNA-Ser-CGA-2-1,tRF_111
TCAAATCCTGCTCACAGCGCCA,tRNA-Ser-CGA-3-1,tRF_112
TCGAATCCCACCTTCGTCGCCA,tRNA-Ser-GCT-1-1,tRF_113
TCGAATCCCATCCTCGTCGCCA,tRNA-Ser-GCT-2-1_tRNA-Ser-GCT-3-1_tRNA-Ser-GCT-4-1_tRNA-Ser-GCT-4-2_tRNA-Ser-GCT-4-3,tRF_114
TCGAATCCCATCCTCATCGCCA,tRNA-Ser-GCT-5-1,tRF_115
TTGATCCCGGGTTTCGGCACCA,tRNA-Ser-GGA-1-1,tRF_116
TCGAACCCTGCTCGCTGCGCCA,tRNA-Ser-TGA-1-1,tRF_117
TCGAGCCCCACATTGGGCGCCA,tRNA-Sup-TCA-1-1,tRF_118
TCAAACCCCACTCCCAGTACCA,tRNA-Sup-TTA-1-1,tRF_119
TCGAATCCCAGCGGTGCCTCCA,tRNA-Thr-AGT-1-1_tRNA-Thr-AGT-1-2_tRNA-Thr-AGT-1-3_tRNA-Thr-AGT-3-1,tRF_120
TCGAATCCCAGCGGGGCCTCCA,tRNA-Thr-AGT-2-1,tRF_121
TCAAATCCCAGCGGGGCCTCCA,tRNA-Thr-AGT-4-1,tRF_122
TCGAATCCCAGCAAGGCCTCCA,tRNA-Thr-AGT-5-1,tRF_123
TCAAATCCCAGCAGGGCCTCCA,tRNA-Thr-AGT-6-1,tRF_124
TCGAATTCCAGCGGTGCCTCCA,tRNA-Thr-AGT-7-1,tRF_125
TCGAACCCCGTCCGTGCCTCCA,tRNA-Thr-CGT-1-1_tRNA-Thr-CGT-2-1,tRF_126
TCGACTCCCAGTGGGGCCTCCA,tRNA-Thr-CGT-3-1,tRF_127
TCGAATCCCAGTGGGGCCTCCA,tRNA-Thr-CGT-4-1_tRNA-Thr-TGT-1-1,tRF_128
TCAAATCTCGCTGGGGCCTCCA,tRNA-Thr-TGT-2-1_tRNA-Thr-TGT-3-1_tRNA-Thr-TGT-3-2,tRF_129
TCAAATCACGTCGGGGTCACCA,tRNA-Trp-CCA-1-1_tRNA-Trp-CCA-3-1_tRNA-Trp-CCA-3-2_tRNA-Trp-CCA-4-1_tRNA-Trp-CCA-4-2_tRNA-Trp-CCA-6-1,tRF_130
TCGAATCACGTCGGGGTCACCA,tRNA-Trp-CCA-2-1,tRF_131
TCAAGTCACGTCGGGGTCACCA,tRNA-Trp-CCA-5-1,tRF_132
TCGAATCCGGCTCGAAGGACCA,tRNA-Tyr-GTA-1-1_tRNA-Tyr-GTA-1-2_tRNA-Tyr-GTA-1-3_tRNA-Tyr-GTA-1-4_tRNA-Tyr-GTA-1-5,tRF_133
TCGATTCCGGCTCGAAGGACCA,tRNA-Tyr-GTA-2-1_tRNA-Tyr-GTA-3-1_tRNA-Tyr-GTA-3-2,tRF_134
TCGACTCCGGCTCGAAGGACCA,tRNA-Tyr-GTA-4-1,tRF_135
TCGAGTCCGGCTCGAAGGACCA,tRNA-Tyr-GTA-5-1,tRF_136
TCGAAACCGGGCGGGAACACCA,tRNA-Val-AAC-3-1_tRNA-Val-CAC-3-1,tRF_137
TCGAAACCGGGCAGAAACACCA,tRNA-Val-AAC-4-1_tRNA-Val-CAC-4-1,tRF_138
TCAATTCCCAGTACCATAGCCA,tRNA-Val-AAC-6-1,tRF_139
TCAAAACCCAGTGGAAACACCA,tRNA-Val-CAC-5-1,tRF_140
TCTCAACCGGGCAGAAACACCA,tRNA-Val-CAC-7-1,tRF_141
TCGAGCCCCAGTGGAACCACCA,tRNA-Val-TAC-1-1_tRNA-Val-TAC-1-2_tRNA-Val-TAC-1-3,tRF_142
TCGAAACCATCCTCTGCTACCA,tRNA-iMet-CAT-1-1_tRNA-iMet-CAT-1-2_tRNA-iMet-CAT-1-3_tRNA-iMet-CAT-1-4_tRNA-iMet-CAT-1-5_tRNA-iMet-CAT-1-6_tRNA-iMet-CAT-1-7_tRNA-iMet-CAT-2-1_tRNA-iMet-CAT-3-1,tRF_143
